{"coverage": 86.86868686868686, "raw_data": {"meta": {"format": 2, "version": "7.4.4", "timestamp": "2024-03-30T07:00:46.032178", "branch_coverage": false, "show_contexts": false}, "files": {"src/audiobook_tags/main.py": {"executed_lines": [1, 2, 3, 4, 6, 13, 14, 17, 19, 20, 27, 34, 44, 52, 64, 71, 79, 80, 81, 82, 83, 84, 86, 89, 91, 92, 93, 100], "summary": {"covered_lines": 27, "num_statements": 33, "percent_covered": 81.81818181818181, "percent_covered_display": "82", "missing_lines": 6, "excluded_lines": 0}, "missing_lines": [85, 94, 95, 96, 97, 101], "excluded_lines": []}, "src/audiobook_tags/tags.py": {"executed_lines": [1, 2, 3, 4, 6, 7, 9, 10, 11, 14, 16, 17, 18, 19, 20, 21, 22, 25, 29, 31, 32, 34, 35, 36, 39, 41, 42, 44, 45, 49, 50, 51, 52, 53, 59, 60, 61, 62, 63, 66, 67, 68, 69, 74, 75, 78, 85, 86, 87, 88, 89, 90, 91, 96, 99, 101, 102, 103, 104, 107], "summary": {"covered_lines": 59, "num_statements": 66, "percent_covered": 89.39393939393939, "percent_covered_display": "89", "missing_lines": 7, "excluded_lines": 0}, "missing_lines": [23, 24, 26, 30, 95, 105, 106], "excluded_lines": []}}, "totals": {"covered_lines": 86, "num_statements": 99, "percent_covered": 86.86868686868686, "percent_covered_display": "87", "missing_lines": 13, "excluded_lines": 0}}, "coverage_path": "."}