{"coverage": 86.86868686868686, "raw_data": {"meta": {"version": "7.3.2", "timestamp": "2023-11-16T07:31:09.165994", "branch_coverage": false, "show_contexts": false}, "files": {"src/audiobook_tags/main.py": {"executed_lines": [1, 2, 3, 5, 12, 13, 16, 18, 19, 26, 33, 40, 48, 59, 66, 74, 75, 76, 77, 78, 79, 81, 84, 86, 87, 88, 95], "summary": {"covered_lines": 27, "num_statements": 33, "percent_covered": 81.81818181818181, "percent_covered_display": "82", "missing_lines": 6, "excluded_lines": 0}, "missing_lines": [80, 89, 90, 91, 92, 96], "excluded_lines": []}, "src/audiobook_tags/tags.py": {"executed_lines": [1, 2, 3, 5, 6, 8, 9, 10, 13, 15, 16, 17, 18, 19, 20, 21, 24, 26, 28, 29, 31, 32, 33, 36, 38, 39, 41, 42, 46, 47, 48, 49, 50, 56, 57, 58, 59, 60, 63, 64, 65, 66, 71, 72, 75, 80, 81, 82, 83, 84, 85, 86, 89, 92, 94, 95, 96, 97, 100], "summary": {"covered_lines": 59, "num_statements": 66, "percent_covered": 89.39393939393939, "percent_covered_display": "89", "missing_lines": 7, "excluded_lines": 0}, "missing_lines": [22, 23, 25, 27, 88, 98, 99], "excluded_lines": []}}, "totals": {"covered_lines": 86, "num_statements": 99, "percent_covered": 86.86868686868686, "percent_covered_display": "87", "missing_lines": 13, "excluded_lines": 0}}, "coverage_path": "."}