{"coverage": 86.86868686868686, "raw_data": {"meta": {"format": 2, "version": "7.4.4", "timestamp": "2024-03-30T07:04:02.134968", "branch_coverage": false, "show_contexts": false}, "files": {"src/audiobook_tags/main.py": {"executed_lines": [1, 3, 4, 5, 7, 14, 15, 18, 20, 21, 28, 35, 46, 54, 67, 77, 85, 86, 87, 88, 89, 90, 92, 95, 97, 98, 99, 106], "summary": {"covered_lines": 27, "num_statements": 33, "percent_covered": 81.81818181818181, "percent_covered_display": "82", "missing_lines": 6, "excluded_lines": 0}, "missing_lines": [91, 100, 101, 102, 103, 107], "excluded_lines": []}, "src/audiobook_tags/tags.py": {"executed_lines": [1, 3, 4, 5, 7, 8, 10, 11, 12, 15, 17, 18, 19, 20, 21, 22, 23, 26, 30, 32, 33, 35, 36, 37, 40, 42, 43, 45, 46, 50, 51, 52, 53, 54, 60, 61, 62, 63, 64, 67, 68, 69, 70, 75, 76, 79, 86, 87, 88, 89, 90, 91, 92, 97, 100, 102, 103, 104, 105, 108], "summary": {"covered_lines": 59, "num_statements": 66, "percent_covered": 89.39393939393939, "percent_covered_display": "89", "missing_lines": 7, "excluded_lines": 0}, "missing_lines": [24, 25, 27, 31, 96, 106, 107], "excluded_lines": []}}, "totals": {"covered_lines": 86, "num_statements": 99, "percent_covered": 86.86868686868686, "percent_covered_display": "87", "missing_lines": 13, "excluded_lines": 0}}, "coverage_path": "."}